"","Df","Sum Sq","Mean Sq","F value","Pr(>F)"
"rrr.1",1,104.717648169781,104.717648169781,65.4087521931753,1.44142309696635e-08
"sss.1",1,8.56922832839641,8.56922832839641,5.35251260905002,0.0288604100707422
"rrr.2",1,1.28395015349636,1.28395015349636,0.801981126259358,0.37871819438
"sss.2",1,10.2722745752605,10.2722745752605,6.41626959635408,0.0176809943863682
"Residuals",26,41.6252987730654,1.60097302973328,NA,NA
