"","Res.Df","RSS","Df","Sum of Sq","F","Pr(>F)"
"1",28,53.1815235018223,NA,NA,NA,NA
"2",26,41.6252987730654,2,11.5562247287569,3.60912536130672,0.0413766818789855
