"","Df","Sum Sq","Mean Sq","F value","Pr(>F)"
"rrr.1",1,104.717648169781,104.717648169781,55.1336997454278,4.36429325784837e-08
"sss.1",1,8.56922832839641,8.56922832839641,4.51168709348611,0.0426310368411401
"Residuals",28,53.1815235018223,1.89934012506508,NA,NA
