"","Df","Sum Sq","Mean Sq","F value","Pr(>F)"
"rrr.1",1,29.6726091636022,29.6726091636022,56.7984969988723,5.3165862576415e-08
"sss.1",1,1.25917397960904,1.25917397960904,2.41027639691393,0.132629976565062
"rrr.2",1,1.15917038973243,1.15917038973243,2.21885225998798,0.148366016438348
"sss.2",1,0.0815224245671064,0.0815224245671064,0.156047995698181,0.696043665618022
"Residuals",26,13.5828917844247,0.522418914785567,NA,NA
