"","Res.Df","RSS","Df","Sum of Sq","F","Pr(>F)"
"1",28,14.8235845987243,NA,NA,NA,NA
"2",26,13.5828917844247,2,1.24069281429953,1.18745012784308,0.321001496706677
