"","Df","Sum Sq","Mean Sq","F value","Pr(>F)"
"rrr.1",1,29.6726091636022,29.6726091636022,56.0480530905029,3.73526423426319e-08
"sss.1",1,1.25917397960904,1.25917397960904,2.37843088453028,0.134248445553861
"Residuals",28,14.8235845987243,0.529413735668724,NA,NA
