"","Res.Df","RSS","Df","Sum of Sq","F","Pr(>F)"
"1",28,112.923847156589,NA,NA,NA,NA
"2",26,67.368683654833,2,45.5551635017563,8.79068869086248,0.00121266585287745
