"","Df","Sum Sq","Mean Sq","F value","Pr(>F)"
"rrr.1",1,274.776201873609,274.776201873609,106.046027043031,1.14653983884194e-10
"sss.1",1,45.6902864536731,45.6902864536731,17.6335261927042,0.000277605627916347
"rrr.2",1,12.3030445595298,12.3030445595298,4.7481877512509,0.0385809914351177
"sss.2",1,33.2521189422266,33.2521189422266,12.8331896304741,0.00137523777740073
"Residuals",26,67.368683654833,2.59110321749358,NA,NA
