"","Df","Sum Sq","Mean Sq","F value","Pr(>F)"
"rrr.1",1,274.776201873609,274.776201873609,68.1320540008904,5.54024271205898e-09
"sss.1",1,45.6902864536731,45.6902864536731,11.329121818962,0.00223014325143385
"Residuals",28,112.923847156589,4.03299454130676,NA,NA
