"source","target","correlation"
"3","36",0.98450750432242
"4","78",0.95535399285679
"10","83",0.966013027263443
"26","78",0.965974608819223
"29","90",0.99582084575399
"60","29",0.999551532792909
"60","73",0.997533467111195
"60","86",0.990978291719102
"73","90",0.99261222825628
"74","82",0.997906245328383
"76","29",0.981298554710925
"76","73",0.979806379420857
"76","86",0.979543600560795
"77","92",0.997365668564604
"78","53",0.978556644661771
"78","60",0.990097980496844
"80","4",0.979248625963911
"80","26",0.954154279051395
"80","77",0.999123714717959
"82","53",0.991872777080305
"82","60",0.997747332268587
"89","4",0.984582135296134
"89","9",0.951707675478153
"89","77",0.997357374580969
"90","80",0.992282671342024
"91","58",0.982810256454464
"95","29",0.998859233568329
"95","73",0.994519750054156
"95","86",0.987848620503006
