"source","target","correlation"
"14","51",0.992774184257926
"24","66",0.968142590676022
"50","66",0.975741268607919
"51","12",0.993378567800683
"72","73",0.969925996961925
"73","76",0.960463573433007
"75","16",0.956676750887067
"91","24",0.968332257407274
"1","54",-0.983128046634819
"7","42",-0.950580457163074
"47","2",-0.978888995233512
"51","28",-0.95706587275875
"60","20",-0.980294303368729
"83","50",-0.960064114935493
"85","88",-0.968826561291985
"88","88",-0.960393022112365
