"source","target","correlation"
"32","56",0.967844376626624
"33","8",0.950007885201743
"33","91",0.973736519991054
"39","21",0.97582699517459
"44","8",0.964572400617513
"46","69",0.957171910061431
"56","44",0.975310675388024
"69","30",0.983092386481369
"69","74",0.983928010775874
"72","20",0.983979337938123
"74","26",0.987381235716731
"76","11",0.957194611067717
"76","38",0.95046626853702
"21","45",-0.958822040884556
"40","37",-0.954069422328971
