"source","target","correlation"
"1","44",0.988968932641799
"6","4",0.959806150658124
"8","7",0.959689014040809
"12","58",0.966925666932045
"16","93",0.965640518335444
"17","76",0.972147749273789
"22","7",0.955720380417555
"24","45",0.979196682782365
"25","17",0.978817132108692
"26","50",0.973489529849299
"31","93",0.975292779467144
"57","17",0.99170885395482
"71","25",0.96823345808482
"72","25",0.979113846352314
"72","63",0.969755213354197
"73","32",0.975008500109443
"73","72",0.98873575142809
"76","3",0.964762475995828
"76","7",0.98622620132526
"78","10",0.977846833880777
