"source","target","correlation"
"8","91",0.973252661187411
"28","5",0.96564186612179
"42","41",0.950214956796242
"43","87",0.953713317508286
"47","7",0.961779518387544
"47","20",0.980539589195088
"78","30",0.967373751582004
"78","54",0.957540601287461
"78","72",0.996595190967517
"79","45",0.965402075617362
"79","86",0.986579352514736
"86","26",0.983244665850042
"88","57",0.977285315591067
"93","7",0.96201415239163
"93","35",0.957788506439939
"22","33",-0.975402734667338
"68","25",-0.975400718988715
