"","Df","Sum Sq","Mean Sq","F value","Pr(>F)"
"rrr.1",1,0.278046107887149,0.278046107887149,1.98268467391691,0.170953289147684
"sss.1",1,6.83177280255822,6.83177280255822,48.7158454913967,2.06774158528571e-07
"rrr.2",1,0.207100798627421,0.207100798627421,1.4767895242799,0.235197963051937
"sss.2",1,0.0190103800350481,0.0190103800350481,0.13555877270587,0.71571744556507
"Residuals",26,3.64616668508571,0.140237180195604,NA,NA
