"","Res.Df","RSS","Df","Sum of Sq","F","Pr(>F)"
"1",28,3.87227786374818,NA,NA,NA,NA
"2",26,3.64616668508571,2,0.226111178662469,0.806174148492885,0.457414646246177
