"","Df","Sum Sq","Mean Sq","F value","Pr(>F)"
"rrr.1",1,0.278046107887149,0.278046107887149,2.01051972373294,0.167245621092863
"sss.1",1,6.83177280255822,6.83177280255822,49.3997706782516,1.20774586180985e-07
"Residuals",28,3.87227786374818,0.138295637991006,NA,NA
