"","Df","Sum Sq","Mean Sq","F value","Pr(>F)"
"rrr.1",1,50.411132038523,50.411132038523,65.7513419373275,1.37207940665362e-08
"sss.1",1,13.673061809947,13.673061809947,17.8338022980526,0.000260810638642799
"rrr.2",1,0.0764752314079304,0.0764752314079304,0.0997467996988549,0.754655056489747
"sss.2",1,8.19488481874626,8.19488481874626,10.6886049185057,0.00303211415704825
"Residuals",26,19.93403319815,0.76669358454423,NA,NA
