"","Res.Df","RSS","Df","Sum of Sq","F","Pr(>F)"
"1",28,28.2053932483041,NA,NA,NA,NA
"2",26,19.93403319815,2,8.27136005015417,5.39417585910229,0.0109753716259453
