"","Df","Sum Sq","Mean Sq","F value","Pr(>F)"
"rrr.1",1,50.411132038523,50.411132038523,50.0440353606313,1.07314576067139e-07
"sss.1",1,13.673061809947,13.673061809947,13.573493810498,0.000973190475953022
"Residuals",28,28.2053932483041,1.00733547315372,NA,NA
