"","Res.Df","RSS","Df","Sum of Sq","F","Pr(>F)"
"1",28,5.51760431307208,NA,NA,NA,NA
"2",26,4.80686562735556,2,0.710738685716521,1.92216792200989,0.166513167608832
