"","Df","Sum Sq","Mean Sq","F value","Pr(>F)"
"rrr.1",1,4.50705470486034,4.50705470486034,24.3783436881376,3.96364511617901e-05
"sss.1",1,7.26881840142243,7.26881840142243,39.3165303730268,1.23056998783858e-06
"rrr.2",1,0.0211210926532447,0.0211210926532447,0.114242513012886,0.738078852799144
"sss.2",1,0.689617593063278,0.689617593063278,3.73009333100689,0.0644103416693062
"Residuals",26,4.80686562735556,0.184879447205983,NA,NA
