"","Df","Sum Sq","Mean Sq","F value","Pr(>F)"
"rrr.1",1,4.50705470486034,4.50705470486034,22.8717980803929,5.02710285489466e-05
"sss.1",1,7.26881840142243,7.26881840142243,36.8868269074026,1.5022456877762e-06
"Residuals",28,5.51760431307208,0.197057296895431,NA,NA
